"","parameter","effect","x","density","mean","lower80","upper80","lower95","upper95"
"1","(Intercept)","fixed",-7.68662561995681,0.000264359875626882,-2.98743366865105,-4.05911323431839,-1.83562219626079,-4.81616773376906,-1.09206998655289
"2","(Intercept)","fixed",-7.4622492272126,0.000560880646027981,-2.98743366865105,-4.05911323431839,-1.83562219626079,-4.81616773376906,-1.09206998655289
"3","(Intercept)","fixed",-6.86053372726253,0.00291810250790354,-2.98743366865105,-4.05911323431839,-1.83562219626079,-4.81616773376906,-1.09206998655289
"4","(Intercept)","fixed",-5.6623220971972,0.0113652564303022,-2.98743366865105,-4.05911323431839,-1.83562219626079,-4.81616773376906,-1.09206998655289
"5","(Intercept)","fixed",-4.8066666221888,0.0337028685668372,-2.98743366865105,-4.05911323431839,-1.83562219626079,-4.81616773376906,-1.09206998655289
"6","(Intercept)","fixed",-4.39498113372512,0.0993100846880609,-2.98743366865105,-4.05911323431839,-1.83562219626079,-4.81616773376906,-1.09206998655289
"7","(Intercept)","fixed",-4.05762624421775,0.206066506610295,-2.98743366865105,-4.05911323431839,-1.83562219626079,-4.81616773376906,-1.09206998655289
"8","(Intercept)","fixed",-3.85362564265054,0.288422010971262,-2.98743366865105,-4.05911323431839,-1.83562219626079,-4.81616773376906,-1.09206998655289
"9","(Intercept)","fixed",-3.69649842931967,0.352181418839952,-2.98743366865105,-4.05911323431839,-1.83562219626079,-4.81616773376906,-1.09206998655289
"10","(Intercept)","fixed",-3.56285770216477,0.400838625103793,-2.98743366865105,-4.05911323431839,-1.83562219626079,-4.81616773376906,-1.09206998655289
"11","(Intercept)","fixed",-3.44281390284741,0.436493698729749,-2.98743366865105,-4.05911323431839,-1.83562219626079,-4.81616773376906,-1.09206998655289
"12","(Intercept)","fixed",-3.33069496233108,0.460662430437187,-2.98743366865105,-4.05911323431839,-1.83562219626079,-4.81616773376906,-1.09206998655289
"13","(Intercept)","fixed",-3.27654222233854,0.468809808398128,-2.98743366865105,-4.05911323431839,-1.83562219626079,-4.81616773376906,-1.09206998655289
"14","(Intercept)","fixed",-3.22321962285212,0.474499651568792,-2.98743366865105,-4.05911323431839,-1.83562219626079,-4.81616773376906,-1.09206998655289
"15","(Intercept)","fixed",-3.17041785604974,0.477841829026897,-2.98743366865105,-4.05911323431839,-1.83562219626079,-4.81616773376906,-1.09206998655289
"16","(Intercept)","fixed",-3.11781697941851,0.478941960731476,-2.98743366865105,-4.05911323431839,-1.83562219626079,-4.81616773376906,-1.09206998655289
"17","(Intercept)","fixed",-3.09678973717036,0.478774889978636,-2.98743366865105,-4.05911323431839,-1.83562219626079,-4.81616773376906,-1.09206998655289
"18","(Intercept)","fixed",-3.075753028398,0.478269726064438,-2.98743366865105,-4.05911323431839,-1.83562219626079,-4.81616773376906,-1.09206998655289
"19","(Intercept)","fixed",-3.06522758557937,0.477892234789829,-2.98743366865105,-4.05911323431839,-1.83562219626079,-4.81616773376906,-1.09206998655289
"20","(Intercept)","fixed",-3.05469552323839,0.477432470085265,-2.98743366865105,-4.05911323431839,-1.83562219626079,-4.81616773376906,-1.09206998655289
"21","(Intercept)","fixed",-3.03360582734261,0.476269110206182,-2.98743366865105,-4.05911323431839,-1.83562219626079,-4.81616773376906,-1.09206998655289
"22","(Intercept)","fixed",-3.01247244542916,0.474785608494668,-2.98743366865105,-4.05911323431839,-1.83562219626079,-4.81616773376906,-1.09206998655289
"23","(Intercept)","fixed",-2.99128374379045,0.472987894837534,-2.98743366865105,-4.05911323431839,-1.83562219626079,-4.81616773376906,-1.09206998655289
"24","(Intercept)","fixed",-2.97001088829639,0.470880032641857,-2.98743366865105,-4.05911323431839,-1.83562219626079,-4.81616773376906,-1.09206998655289
"25","(Intercept)","fixed",-2.95932843591474,0.469710145086593,-2.98743366865105,-4.05911323431839,-1.83562219626079,-4.81616773376906,-1.09206998655289
"26","(Intercept)","fixed",-2.94861373171308,0.468463634777555,-2.98743366865105,-4.05911323431839,-1.83562219626079,-4.81616773376906,-1.09206998655289
"27","(Intercept)","fixed",-2.92708333827631,0.465742950414447,-2.98743366865105,-4.05911323431839,-1.83562219626079,-4.81616773376906,-1.09206998655289
"28","(Intercept)","fixed",-2.90541100867702,0.462722554517514,-2.98743366865105,-4.05911323431839,-1.83562219626079,-4.81616773376906,-1.09206998655289
"29","(Intercept)","fixed",-2.85054850384472,0.453892602548921,-2.98743366865105,-4.05911323431839,-1.83562219626079,-4.81616773376906,-1.09206998655289
"30","(Intercept)","fixed",-2.79458703802674,0.443300030967086,-2.98743366865105,-4.05911323431839,-1.83562219626079,-4.81616773376906,-1.09206998655289
"31","(Intercept)","fixed",-2.73725803651213,0.431008251016348,-2.98743366865105,-4.05911323431839,-1.83562219626079,-4.81616773376906,-1.09206998655289
"32","(Intercept)","fixed",-2.67802175073442,0.417005573153904,-2.98743366865105,-4.05911323431839,-1.83562219626079,-4.81616773376906,-1.09206998655289
"33","(Intercept)","fixed",-2.55280062209718,0.384005103420288,-2.98743366865105,-4.05911323431839,-1.83562219626079,-4.81616773376906,-1.09206998655289
"34","(Intercept)","fixed",-2.41504367711305,0.344252642823083,-2.98743366865105,-4.05911323431839,-1.83562219626079,-4.81616773376906,-1.09206998655289
"35","(Intercept)","fixed",-2.25871771440843,0.297214432814037,-2.98743366865105,-4.05911323431839,-1.83562219626079,-4.81616773376906,-1.09206998655289
"36","(Intercept)","fixed",-2.07233904766076,0.241573508989455,-2.98743366865105,-4.05911323431839,-1.83562219626079,-4.81616773376906,-1.09206998655289
"37","(Intercept)","fixed",-1.83065421372993,0.17504595946091,-2.98743366865105,-4.05911323431839,-1.83562219626079,-4.81616773376906,-1.09206998655289
"38","(Intercept)","fixed",-1.45044211089457,0.0941595707778533,-2.98743366865105,-4.05911323431839,-1.83562219626079,-4.81616773376906,-1.09206998655289
"39","(Intercept)","fixed",-1.08592508300937,0.0476534154573346,-2.98743366865105,-4.05911323431839,-1.83562219626079,-4.81616773376906,-1.09206998655289
"40","(Intercept)","fixed",-0.603933764766493,0.0189403488115333,-2.98743366865105,-4.05911323431839,-1.83562219626079,-4.81616773376906,-1.09206998655289
"41","(Intercept)","fixed",0.514722851928225,0.00234973919552207,-2.98743366865105,-4.05911323431839,-1.83562219626079,-4.81616773376906,-1.09206998655289
"42","(Intercept)","fixed",1.31856863591565,0.000385718888464261,-2.98743366865105,-4.05911323431839,-1.83562219626079,-4.81616773376906,-1.09206998655289
"43","(Intercept)","fixed",1.66072785065994,0.000154351497847988,-2.98743366865105,-4.05911323431839,-1.83562219626079,-4.81616773376906,-1.09206998655289
"44","prob_occur_within","fixed",-0.347148129486181,0.00118469287582112,-0.107977583618232,-0.171648088044715,-0.0448690546169513,-0.207828648366131,-0.0117309487854432
"45","prob_occur_within","fixed",-0.318745264146952,0.00642286852007572,-0.107977583618232,-0.171648088044715,-0.0448690546169513,-0.207828648366131,-0.0117309487854432
"46","prob_occur_within","fixed",-0.277689360721621,0.0503612371735421,-0.107977583618232,-0.171648088044715,-0.0448690546169513,-0.207828648366131,-0.0117309487854432
"47","prob_occur_within","fixed",-0.228914296989039,0.446705999460214,-0.107977583618232,-0.171648088044715,-0.0448690546169513,-0.207828648366131,-0.0117309487854432
"48","prob_occur_within","fixed",-0.207812194332253,1.04965931262692,-0.107977583618232,-0.171648088044715,-0.0448690546169513,-0.207828648366131,-0.0117309487854432
"49","prob_occur_within","fixed",-0.190647060882353,1.93672161106928,-0.107977583618232,-0.171648088044715,-0.0448690546169513,-0.207828648366131,-0.0117309487854432
"50","prob_occur_within","fixed",-0.171610934246292,3.41467524594842,-0.107977583618232,-0.171648088044715,-0.0448690546169513,-0.207828648366131,-0.0117309487854432
"51","prob_occur_within","fixed",-0.159077107481021,4.61100352870636,-0.107977583618232,-0.171648088044715,-0.0448690546169513,-0.207828648366131,-0.0117309487854432
"52","prob_occur_within","fixed",-0.149239042398351,5.59069021358977,-0.107977583618232,-0.171648088044715,-0.0448690546169513,-0.207828648366131,-0.0117309487854432
"53","prob_occur_within","fixed",-0.140865495553768,6.38762276774023,-0.107977583618232,-0.171648088044715,-0.0448690546169513,-0.207828648366131,-0.0117309487854432
"54","prob_occur_within","fixed",-0.133382746069318,7.02275628698506,-0.107977583618232,-0.171648088044715,-0.0448690546169513,-0.207828648366131,-0.0117309487854432
"55","prob_occur_within","fixed",-0.126482637522365,7.50848709933836,-0.107977583618232,-0.171648088044715,-0.0448690546169513,-0.207828648366131,-0.0117309487854432
"56","prob_occur_within","fixed",-0.123178464034371,7.69861785951846,-0.107977583618232,-0.171648088044715,-0.0448690546169513,-0.207828648366131,-0.0117309487854432
"57","prob_occur_within","fixed",-0.119951359791279,7.85429111991848,-0.107977583618232,-0.171648088044715,-0.0448690546169513,-0.207828648366131,-0.0117309487854432
"58","prob_occur_within","fixed",-0.11678307240319,7.9762593109838,-0.107977583618232,-0.171648088044715,-0.0448690546169513,-0.207828648366131,-0.0117309487854432
"59","prob_occur_within","fixed",-0.113650745843339,8.06522924336367,-0.107977583618232,-0.171648088044715,-0.0448690546169513,-0.207828648366131,-0.0117309487854432
"60","prob_occur_within","fixed",-0.112406100843757,8.09158753213863,-0.107977583618232,-0.171648088044715,-0.0448690546169513,-0.207828648366131,-0.0117309487854432
"61","prob_occur_within","fixed",-0.111165502951844,8.11268289869477,-0.107977583618232,-0.171648088044715,-0.0448690546169513,-0.207828648366131,-0.0117309487854432
"62","prob_occur_within","fixed",-0.110546581852085,8.12126056569484,-0.107977583618232,-0.171648088044715,-0.0448690546169513,-0.207828648366131,-0.0117309487854432
"63","prob_occur_within","fixed",-0.109928505789734,8.12852717061383,-0.107977583618232,-0.171648088044715,-0.0448690546169513,-0.207828648366131,-0.0117309487854432
"64","prob_occur_within","fixed",-0.108694671225093,8.13913514015751,-0.107977583618232,-0.171648088044715,-0.0448690546169513,-0.207828648366131,-0.0117309487854432
"65","prob_occur_within","fixed",-0.107463269599959,8.1445251995112,-0.107977583618232,-0.171648088044715,-0.0448690546169513,-0.207828648366131,-0.0117309487854432
"66","prob_occur_within","fixed",-0.106231283952181,8.14470944632312,-0.107977583618232,-0.171648088044715,-0.0448690546169513,-0.207828648366131,-0.0117309487854432
"67","prob_occur_within","fixed",-0.104997699647684,8.13967184826198,-0.107977583618232,-0.171648088044715,-0.0448690546169513,-0.207828648366131,-0.0117309487854432
"68","prob_occur_within","fixed",-0.104380177816272,8.13518945596338,-0.107977583618232,-0.171648088044715,-0.0448690546169513,-0.207828648366131,-0.0117309487854432
"69","prob_occur_within","fixed",-0.103762099593029,8.12939549855078,-0.107977583618232,-0.171648088044715,-0.0448690546169513,-0.207828648366131,-0.0117309487854432
"70","prob_occur_within","fixed",-0.102524062576637,8.1138665306869,-0.107977583618232,-0.171648088044715,-0.0448690546169513,-0.207828648366131,-0.0117309487854432
"71","prob_occur_within","fixed",-0.101283163094351,8.09307419246403,-0.107977583618232,-0.171648088044715,-0.0448690546169513,-0.207828648366131,-0.0117309487854432
"72","prob_occur_within","fixed",-0.0981655581689758,8.01802676007613,-0.107977583618232,-0.171648088044715,-0.0448690546169513,-0.207828648366131,-0.0117309487854432
"73","prob_occur_within","fixed",-0.0950175724076532,7.90991498326361,-0.107977583618232,-0.171648088044715,-0.0448690546169513,-0.207828648366131,-0.0117309487854432
"74","prob_occur_within","fixed",-0.0918141987540128,7.7679060178217,-0.107977583618232,-0.171648088044715,-0.0448690546169513,-0.207828648366131,-0.0117309487854432
"75","prob_occur_within","fixed",-0.0885423866332564,7.59139858912045,-0.107977583618232,-0.171648088044715,-0.0448690546169513,-0.207828648366131,-0.0117309487854432
"76","prob_occur_within","fixed",-0.0817331156786072,7.13244293727193,-0.107977583618232,-0.171648088044715,-0.0448690546169513,-0.207828648366131,-0.0117309487854432
"77","prob_occur_within","fixed",-0.0743842759875672,6.52294707327118,-0.107977583618232,-0.171648088044715,-0.0448690546169513,-0.207828648366131,-0.0117309487854432
"78","prob_occur_within","fixed",-0.0662102296893571,5.74951028067813,-0.107977583618232,-0.171648088044715,-0.0448690546169513,-0.207828648366131,-0.0117309487854432
"79","prob_occur_within","fixed",-0.056687770681762,4.78958112358907,-0.107977583618232,-0.171648088044715,-0.0448690546169513,-0.207828648366131,-0.0117309487854432
"80","prob_occur_within","fixed",-0.044708850195729,3.60474048119104,-0.107977583618232,-0.171648088044715,-0.0448690546169513,-0.207828648366131,-0.0117309487854432
"81","prob_occur_within","fixed",-0.0269514786601488,2.11643577924743,-0.107977583618232,-0.171648088044715,-0.0448690546169513,-0.207828648366131,-0.0117309487854432
"82","prob_occur_within","fixed",-0.011544630072824,1.19781752172962,-0.107977583618232,-0.171648088044715,-0.0448690546169513,-0.207828648366131,-0.0117309487854432
"83","prob_occur_within","fixed",0.00639006406359476,0.545043101659339,-0.107977583618232,-0.171648088044715,-0.0448690546169513,-0.207828648366131,-0.0117309487854432
"84","prob_occur_within","fixed",0.0438733922033784,0.0684420531799936,-0.107977583618232,-0.171648088044715,-0.0448690546169513,-0.207828648366131,-0.0117309487854432
"85","prob_occur_within","fixed",0.074844470242038,0.00800224058382905,-0.107977583618232,-0.171648088044715,-0.0448690546169513,-0.207828648366131,-0.0117309487854432
"86","prob_occur_within","fixed",0.101728924201526,0.000911556478748268,-0.107977583618232,-0.171648088044715,-0.0448690546169513,-0.207828648366131,-0.0117309487854432
"87","prob_occur_between","fixed",-1.43648228148262,7.56211226650121e-05,0.823539702546375,0.190068689940006,1.42689970133406,-0.138041921921224,2.15894764445864
"88","prob_occur_between","fixed",-1.1136517134431,0.000668677084034098,0.823539702546375,0.190068689940006,1.42689970133406,-0.138041921921224,2.15894764445864
"89","prob_occur_between","fixed",-0.747057200583508,0.00587666814513191,0.823539702546375,0.190068689940006,1.42689970133406,-0.138041921921224,2.15894764445864
"90","prob_occur_between","fixed",-0.32760473257526,0.0509053522751276,0.823539702546375,0.190068689940006,1.42689970133406,-0.138041921921224,2.15894764445864
"91","prob_occur_between","fixed",-0.140213665265496,0.117110667054346,0.823539702546375,0.190068689940006,1.42689970133406,-0.138041921921224,2.15894764445864
"92","prob_occur_between","fixed",0.014664646428754,0.213988079784779,0.823539702546375,0.190068689940006,1.42689970133406,-0.138041921921224,2.15894764445864
"93","prob_occur_between","fixed",0.187861772906448,0.374975116792034,0.823539702546375,0.190068689940006,1.42689970133406,-0.138041921921224,2.15894764445864
"94","prob_occur_between","fixed",0.302437327058203,0.504658104973877,0.823539702546375,0.190068689940006,1.42689970133406,-0.138041921921224,2.15894764445864
"95","prob_occur_between","fixed",0.392710885368597,0.610091351550254,0.823539702546375,0.190068689940006,1.42689970133406,-0.138041921921224,2.15894764445864
"96","prob_occur_between","fixed",0.469757811628236,0.6949007525996,0.823539702546375,0.190068689940006,1.42689970133406,-0.138041921921224,2.15894764445864
"97","prob_occur_between","fixed",0.538837643643424,0.761494181371784,0.823539702546375,0.190068689940006,1.42689970133406,-0.138041921921224,2.15894764445864
"98","prob_occur_between","fixed",0.602749865789072,0.81126865782384,0.823539702546375,0.190068689940006,1.42689970133406,-0.138041921921224,2.15894764445864
"99","prob_occur_between","fixed",0.633452794577841,0.830239583620773,0.823539702546375,0.190068689940006,1.42689970133406,-0.138041921921224,2.15894764445864
"100","prob_occur_between","fixed",0.663510242345365,0.845353228853515,0.823539702546375,0.190068689940006,1.42689970133406,-0.138041921921224,2.15894764445864
"101","prob_occur_between","fixed",0.693041639807044,0.856675345033283,0.823539702546375,0.190068689940006,1.42689970133406,-0.138041921921224,2.15894764445864
"102","prob_occur_between","fixed",0.722277388163626,0.864301095125351,0.823539702546375,0.190068689940006,1.42689970133406,-0.138041921921224,2.15894764445864
"103","prob_occur_between","fixed",0.733925999518595,0.866324863111572,0.823539702546375,0.190068689940006,1.42689970133406,-0.138041921921224,2.15894764445864
"104","prob_occur_between","fixed",0.745555952468098,0.867762607354293,0.823539702546375,0.190068689940006,1.42689970133406,-0.138041921921224,2.15894764445864
"105","prob_occur_between","fixed",0.75136546938661,0.868261925779529,0.823539702546375,0.190068689940006,1.42689970133406,-0.138041921921224,2.15894764445864
"106","prob_occur_between","fixed",0.75717216309761,0.868615023890848,0.823539702546375,0.190068689940006,1.42689970133406,-0.138041921921224,2.15894764445864
"107","prob_occur_between","fixed",0.768779522845652,0.868883107996274,0.823539702546375,0.190068689940006,1.42689970133406,-0.138041921921224,2.15894764445864
"108","prob_occur_between","fixed",0.780382907612089,0.868568080070192,0.823539702546375,0.190068689940006,1.42689970133406,-0.138041921921224,2.15894764445864
"109","prob_occur_between","fixed",0.791987186937132,0.867671354226374,0.823539702546375,0.190068689940006,1.42689970133406,-0.138041921921224,2.15894764445864
"110","prob_occur_between","fixed",0.803597233227211,0.866194536070837,0.823539702546375,0.190068689940006,1.42689970133406,-0.138041921921224,2.15894764445864
"111","prob_occur_between","fixed",0.809405944671592,0.865239146418009,0.823539702546375,0.190068689940006,1.42689970133406,-0.138041921921224,2.15894764445864
"112","prob_occur_between","fixed",0.815217931007296,0.864139422587298,0.823539702546375,0.190068689940006,1.42689970133406,-0.138041921921224,2.15894764445864
"113","prob_occur_between","fixed",0.82686453098675,0.861505431287426,0.823539702546375,0.190068689940006,1.42689970133406,-0.138041921921224,2.15894764445864
"114","prob_occur_between","fixed",0.838563150889813,0.858287064389667,0.823539702546375,0.190068689940006,1.42689970133406,-0.138041921921224,2.15894764445864
"115","prob_occur_between","fixed",0.86807859313506,0.847669142131143,0.823539702546375,0.190068689940006,1.42689970133406,-0.138041921921224,2.15894764445864
"116","prob_occur_between","fixed",0.898056196611073,0.833351297807468,0.823539702546375,0.190068689940006,1.42689970133406,-0.138041921921224,2.15894764445864
"117","prob_occur_between","fixed",0.928601141888724,0.815306904663068,0.823539702546375,0.190068689940006,1.42689970133406,-0.138041921921224,2.15894764445864
"118","prob_occur_between","fixed",0.959844042476421,0.793506765730404,0.823539702546375,0.190068689940006,1.42689970133406,-0.138041921921224,2.15894764445864
"119","prob_occur_between","fixed",1.02550237495105,0.738104632441112,0.823539702546375,0.190068689940006,1.42689970133406,-0.138041921921224,2.15894764445864
"120","prob_occur_between","fixed",1.09709828331375,0.666207959217175,0.823539702546375,0.190068689940006,1.42689970133406,-0.138041921921224,2.15894764445864
"121","prob_occur_between","fixed",1.17801491130706,0.576283495701441,0.823539702546375,0.190068689940006,1.42689970133406,-0.138041921921224,2.15894764445864
"122","prob_occur_between","fixed",1.27454123761983,0.465802718528575,0.823539702546375,0.190068689940006,1.42689970133406,-0.138041921921224,2.15894764445864
"123","prob_occur_between","fixed",1.40130382814944,0.330212162603184,0.823539702546375,0.190068689940006,1.42689970133406,-0.138041921921224,2.15894764445864
"124","prob_occur_between","fixed",1.61269599559988,0.15857597336433,0.823539702546375,0.190068689940006,1.42689970133406,-0.138041921921224,2.15894764445864
"125","prob_occur_between","fixed",1.87454498268679,0.0494382193442933,0.823539702546375,0.190068689940006,1.42689970133406,-0.138041921921224,2.15894764445864
"126","prob_occur_between","fixed",2.95376363121578,0.0140920700167912,0.823539702546375,0.190068689940006,1.42689970133406,-0.138041921921224,2.15894764445864
"127","prob_occur_between","fixed",3.59019459718066,0.0110393128792388,0.823539702546375,0.190068689940006,1.42689970133406,-0.138041921921224,2.15894764445864
"128","prob_occur_between","fixed",3.71933561987583,0.00889454281783499,0.823539702546375,0.190068689940006,1.42689970133406,-0.138041921921224,2.15894764445864
"129","prob_occur_between","fixed",3.86601810281117,0.00653971517526079,0.823539702546375,0.190068689940006,1.42689970133406,-0.138041921921224,2.15894764445864
"130","log_tested","fixed",-0.381725104075076,0.000821825210803171,-0.135280707704266,-0.21282530826345,-0.0574983802732329,-0.252464495580599,-0.0100460070734867
"131","log_tested","fixed",-0.351842962746405,0.00715006333805719,-0.135280707704266,-0.21282530826345,-0.0574983802732329,-0.252464495580599,-0.0100460070734867
"132","log_tested","fixed",-0.316846055732036,0.0600430792028327,-0.135280707704266,-0.21282530826345,-0.0574983802732329,-0.252464495580599,-0.0100460070734867
"133","log_tested","fixed",-0.273528921286507,0.465949890813651,-0.135280707704266,-0.21282530826345,-0.0574983802732329,-0.252464495580599,-0.0100460070734867
"134","log_tested","fixed",-0.252412493699871,1.01158090026705,-0.135280707704266,-0.21282530826345,-0.0574983802732329,-0.252464495580599,-0.0100460070734867
"135","log_tested","fixed",-0.234072001592437,1.77076968647814,-0.135280707704266,-0.21282530826345,-0.0574983802732329,-0.252464495580599,-0.0100460070734867
"136","log_tested","fixed",-0.212741758260694,2.98896052988989,-0.135280707704266,-0.21282530826345,-0.0574983802732329,-0.252464495580599,-0.0100460070734867
"137","log_tested","fixed",-0.198257126662251,3.95297409809781,-0.135280707704266,-0.21282530826345,-0.0574983802732329,-0.252464495580599,-0.0100460070734867
"138","log_tested","fixed",-0.186701226081506,4.73183953119796,-0.135280707704266,-0.21282530826345,-0.0574983802732329,-0.252464495580599,-0.0100460070734867
"139","log_tested","fixed",-0.176758910275832,5.35856794927039,-0.135280707704266,-0.21282530826345,-0.0574983802732329,-0.252464495580599,-0.0100460070734867
"140","log_tested","fixed",-0.167806801345599,5.85207560844725,-0.135280707704266,-0.21282530826345,-0.0574983802732329,-0.252464495580599,-0.0100460070734867
"141","log_tested","fixed",-0.159504059782335,6.22333910812864,-0.135280707704266,-0.21282530826345,-0.0574983802732329,-0.252464495580599,-0.0100460070734867
"142","log_tested","fixed",-0.155512057767226,6.36593136868952,-0.135280707704266,-0.21282530826345,-0.0574983802732329,-0.252464495580599,-0.0100460070734867
"143","log_tested","fixed",-0.151601746959947,6.48045257877758,-0.135280707704266,-0.21282530826345,-0.0574983802732329,-0.252464495580599,-0.0100460070734867
"144","log_tested","fixed",-0.147758736013102,6.56732037858719,-0.135280707704266,-0.21282530826345,-0.0574983802732329,-0.252464495580599,-0.0100460070734867
"145","log_tested","fixed",-0.143952464565028,6.6271755147413,-0.135280707704266,-0.21282530826345,-0.0574983802732329,-0.252464495580599,-0.0100460070734867
"146","log_tested","fixed",-0.142436927747521,6.64357390102058,-0.135280707704266,-0.21282530826345,-0.0574983802732329,-0.252464495580599,-0.0100460070734867
"147","log_tested","fixed",-0.140924585319582,6.65566153051849,-0.135280707704266,-0.21282530826345,-0.0574983802732329,-0.252464495580599,-0.0100460070734867
"148","log_tested","fixed",-0.140169449305164,6.66008984908056,-0.135280707704266,-0.21282530826345,-0.0574983802732329,-0.252464495580599,-0.0100460070734867
"149","log_tested","fixed",-0.139414917196896,6.66344204649044,-0.135280707704266,-0.21282530826345,-0.0574983802732329,-0.252464495580599,-0.0100460070734867
"150","log_tested","fixed",-0.137907407588169,6.66692165710947,-0.135280707704266,-0.21282530826345,-0.0574983802732329,-0.252464495580599,-0.0100460070734867
"151","log_tested","fixed",-0.136401544777364,6.6661090862436,-0.135280707704266,-0.21282530826345,-0.0574983802732329,-0.252464495580599,-0.0100460070734867
"152","log_tested","fixed",-0.134896681170847,6.66101487850796,-0.135280707704266,-0.21282530826345,-0.0574983802732329,-0.252464495580599,-0.0100460070734867
"153","log_tested","fixed",-0.133389395289148,6.6516293995005,-0.135280707704266,-0.21282530826345,-0.0574983802732329,-0.252464495580599,-0.0100460070734867
"154","log_tested","fixed",-0.132634237101997,6.64532034354777,-0.135280707704266,-0.21282530826345,-0.0574983802732329,-0.252464495580599,-0.0100460070734867
"155","log_tested","fixed",-0.131877973919903,6.63793066941221,-0.135280707704266,-0.21282530826345,-0.0574983802732329,-0.252464495580599,-0.0100460070734867
"156","log_tested","fixed",-0.130361843861956,6.61990100467772,-0.135280707704266,-0.21282530826345,-0.0574983802732329,-0.252464495580599,-0.0100460070734867
"157","log_tested","fixed",-0.128840420299978,6.59752477761252,-0.135280707704266,-0.21282530826345,-0.0574983802732329,-0.252464495580599,-0.0100460070734867
"158","log_tested","fixed",-0.125009750519529,6.52248529654809,-0.135280707704266,-0.21282530826345,-0.0574983802732329,-0.252464495580599,-0.0100460070734867
"159","log_tested","fixed",-0.121132494413166,6.42005843192786,-0.135280707704266,-0.21282530826345,-0.0574983802732329,-0.252464495580599,-0.0100460070734867
"160","log_tested","fixed",-0.117184260545824,6.28969747319709,-0.135280707704266,-0.21282530826345,-0.0574983802732329,-0.252464495580599,-0.0100460070734867
"161","log_tested","fixed",-0.113138770463366,6.13060978920926,-0.135280707704266,-0.21282530826345,-0.0574983802732329,-0.252464495580599,-0.0100460070734867
"162","log_tested","fixed",-0.104678216729634,5.7241307148226,-0.135280707704266,-0.21282530826345,-0.0574983802732329,-0.252464495580599,-0.0100460070734867
"163","log_tested","fixed",-0.0954855380438123,5.19234764210621,-0.135280707704266,-0.21282530826345,-0.0574983802732329,-0.252464495580599,-0.0100460070734867
"164","log_tested","fixed",-0.0851616891277918,4.52434836131178,-0.135280707704266,-0.21282530826345,-0.0574983802732329,-0.252464495580599,-0.0100460070734867
"165","log_tested","fixed",-0.0729584827566442,3.70251424959641,-0.135280707704266,-0.21282530826345,-0.0574983802732329,-0.252464495580599,-0.0100460070734867
"166","log_tested","fixed",-0.0572397515580594,2.70048223057787,-0.135280707704266,-0.21282530826345,-0.0574983802732329,-0.252464495580599,-0.0100460070734867
"167","log_tested","fixed",-0.0327580426035039,1.47481476836192,-0.135280707704266,-0.21282530826345,-0.0574983802732329,-0.252464495580599,-0.0100460070734867
"168","log_tested","fixed",-0.00973258705884159,0.763967691390831,-0.135280707704266,-0.21282530826345,-0.0574983802732329,-0.252464495580599,-0.0100460070734867
"169","log_tested","fixed",0.0198226593941458,0.314613397976014,-0.135280707704266,-0.21282530826345,-0.0574983802732329,-0.252464495580599,-0.0100460070734867
"170","log_tested","fixed",0.0848108945353065,0.0417548102316296,-0.135280707704266,-0.21282530826345,-0.0574983802732329,-0.252464495580599,-0.0100460070734867
"171","log_tested","fixed",0.131588142465923,0.0058692710653041,-0.135280707704266,-0.21282530826345,-0.0574983802732329,-0.252464495580599,-0.0100460070734867
"172","log_tested","fixed",0.161976029644477,0.00114271983532993,-0.135280707704266,-0.21282530826345,-0.0574983802732329,-0.252464495580599,-0.0100460070734867
