"","ID","mean","sd","0.025quant","0.5quant","0.975quant","mode","kld"
"1",1,-0.211989446145529,0.137571740853823,-0.479964503356356,-0.212660159059451,0.0599321691662324,-0.212619584841002,7.69964061367147e-09
"2",2,-0.178577146120782,0.109967922453611,-0.393762974111321,-0.178744490381466,0.0375726187592338,-0.178741848463917,6.2490534895393e-10
"3",3,-0.144549025801305,0.0846690885514451,-0.310467108474891,-0.144590047902079,0.0216026014631858,-0.144590248973238,8.73386801837898e-11
"4",4,-0.109234326028706,0.0619885604940324,-0.23123988215893,-0.109100087192866,0.0119755739612829,-0.109110398576847,1.85918542281894e-09
"5",5,-0.0718999520118953,0.042573915384202,-0.159262195104915,-0.070798449875032,0.00859351575446828,-0.0710040054086637,6.45844564010325e-07
"6",6,-0.0320618406008888,0.0284433725790364,-0.101375405215117,-0.0288378749968139,0.0152864011929611,-0.0256088429437198,0.000813481258577831
"7",7,0.0101397639047117,0.0281424477616684,-0.0580719379213126,0.0132087461534971,0.0573709397613868,0.0164473917085246,0.00074154544988499
"8",8,0.0542959778624085,0.0420666664662427,-0.0314639174350575,0.0552345272915282,0.134266380471778,0.0550742418906664,2.72443643519003e-07
"9",9,0.100333518864091,0.0616537733215715,-0.0209543247277491,0.100455818049334,0.220909798940712,0.100451202163861,1.2188640133771e-09
"10",10,0.147299618469375,0.0845316238938317,-0.0185582728419792,0.147332353117582,0.312971490542912,0.147332612730498,6.66736293318494e-11
"11",11,0.19458604316283,0.109993348772778,-0.0209496151734786,0.194523673434324,0.410489394544202,0.194527311756398,9.92949609086796e-11
"12",12,0.242113477128549,0.137694825654946,-0.0267128319092438,0.241655780722082,0.513660069669278,0.241694830975927,4.41241565874784e-09
