"month","med","lo","hi"
1,0.0308774235754628,0.00640720336175782,0.154131915053856
2,0.0316659598904496,0.00682504621025065,0.159475876050027
3,0.032740037444714,0.00706017860334907,0.164766902266763
4,0.0341280340752541,0.00746277573027198,0.170770206861244
5,0.0356406409328232,0.00771150274263263,0.176889431081641
6,0.0373864113903289,0.00806299170210533,0.183168925417625
7,0.0387533738854265,0.00850062760974061,0.191637537279367
8,0.0403727345680875,0.00893366215757854,0.201556648176439
9,0.0417649032564705,0.0091961829763082,0.21539786820906
10,0.0440429506324041,0.00950534702595065,0.225339735386086
11,0.0462995275943837,0.00992878158243807,0.229218424719738
12,0.0482480526462071,0.0102612675805964,0.242570149322353
