"","prob_occur_stnd","med_seroprev","lo_seroprev","hi_seroprev"
"1",-3.13298764862791,0.0702781033984261,0.0144374310349377,0.35339016649197
"2",-3.08113239881727,0.0699857045749,0.0143939599630894,0.352231544311014
"3",-3.02927714900662,0.069665503860335,0.0143506194754289,0.351074667692734
"4",-2.97742189919598,0.069215862228194,0.0143074091870469,0.349919547751533
"5",-2.92556664938534,0.0688134559983773,0.0142643287141058,0.348766195521458
"6",-2.87371139957469,0.0684852760494051,0.0142213776738374,0.347614621955887
"7",-2.82185614976405,0.0681585996249364,0.0141785556845397,0.34646483792723
"8",-2.77000089995341,0.0678334208219744,0.014135862365575,0.345316854226627
"9",-2.71814565014276,0.06744115324181,0.014093297337367,0.344170681563662
"10",-2.66629040033212,0.0669673059607483,0.0140508602213984,0.343026330566081
"11",-2.61443515052147,0.0665147488439599,0.0140085506402085,0.341883811779516
"12",-2.56257990071083,0.0662469381685009,0.0139663682173904,0.340743135667222
"13",-2.51072465090019,0.0659803019195552,0.0139481359468608,0.339604312609816
"14",-2.45886940108954,0.0657436694463846,0.0139306955175745,0.338467352905022
"15",-2.4070141512789,0.0654621449599804,0.0139133353999173,0.337332266767434
"16",-2.35515890146826,0.065059982536066,0.0138960553533856,0.336199064328272
"17",-2.30330365165761,0.0645578168969448,0.0138788551382093,0.335067755635158
"18",-2.25144840184697,0.0642020622065463,0.0138617345153497,0.333938350651891
"19",-2.19959315203633,0.0638924035825712,0.0138446932464979,0.332810859258233
"20",-2.14773790222568,0.0635357297872693,0.0138277310940728,0.331685291249704
"21",-2.09588265241504,0.0632371362935943,0.0138108478212195,0.330324025023692
"22",-2.0440274026044,0.0629399810165376,0.0137940431918069,0.328874429215363
"23",-1.99217215279375,0.062756670980443,0.0137773169704267,0.327428159049298
"24",-1.94031690298311,0.062583147863895,0.0137475686924465,0.325985236258841
"25",-1.88846165317246,0.0624100848741266,0.0137087881629074,0.324545682311099
"26",-1.83660640336182,0.0621774586128668,0.0136703065441328,0.323109518406229
"27",-1.78475115355118,0.0618275858383183,0.0136296082946327,0.32167676547676
"28",-1.73289590374053,0.0613781884389423,0.0135437742675254,0.320247444186966
"29",-1.68104065392989,0.06100590544151,0.0134477792651928,0.31882803037875
"30",-1.62918540411925,0.0607070979633227,0.0133524572935853,0.317309286552893
"31",-1.5773301543086,0.0602461808386756,0.0132578037522734,0.315364362360472
"32",-1.52547490449796,0.0597222013522145,0.013163814070489,0.313443925206689
"33",-1.47361965468732,0.059274985512536,0.0130704837069602,0.3115300266136
"34",-1.42176440487667,0.0589254595671556,0.0129778081497469,0.309622713734069
"35",-1.36990915506603,0.0585780166064397,0.0128853625111821,0.307722032795423
"36",-1.31805390525539,0.0582081215800516,0.0127935051337048,0.305828029098343
"37",-1.26619865544474,0.0576500197129975,0.0127022959330504,0.303940747016018
"38",-1.2143434056341,0.057376296771267,0.0126117304438118,0.30206022999356
"39",-1.16248815582345,0.0571424246418425,0.0125499592616606,0.300186520547676
"40",-1.11063290601281,0.0569094745679923,0.0124895819032982,0.298319660266592
"41",-1.05877765620217,0.0566774433258795,0.0124044549177957,0.296459689810229
"42",-1.00692240639152,0.0564463276987004,0.0123162605239324,0.294606648910632
"43",-0.955067156580881,0.0562161244767126,0.0122286872569853,0.292760576372637
"44",-0.903211906770237,0.0559467381549462,0.0121417308406518,0.290921510074787
"45",-0.851356656959593,0.0555550704842725,0.0120553870265684,0.289089486970487
"46",-0.79950140714895,0.0551662417449434,0.0119696515941506,0.287264543089387
"47",-0.747646157338306,0.0547802327405194,0.0118844676555522,0.285446713539012
"48",-0.695790907527663,0.0545399942520759,0.0117994752708431,0.283636032506605
"49",-0.643935657717019,0.0543058351243782,0.0117150852745537,0.281832533261212
"50",-0.592080407906376,0.0540726364551495,0.0116312934884514,0.280036248155975
"51",-0.540225158095732,0.0537856616605914,0.0115480957618764,0.278247208630653
"52",-0.488369908285089,0.0534342071572632,0.0114654879715814,0.276465445214356
"53",-0.436514658474445,0.0530633468178119,0.0113834660215706,0.274690987528488
"54",-0.384659408663802,0.0526949177851521,0.0113020258429408,0.272923864289897
"55",-0.332804158853158,0.052344381818477,0.011221163393722,0.271164103314235
"56",-0.280948909042515,0.0521121698454085,0.0111408746587195,0.26941173151951
"57",-0.229093659231871,0.0520169796451182,0.0110611556493556,0.26783359955745
"58",-0.177238409421227,0.051784538721537,0.0109820024035131,0.266523170820639
"59",-0.125383159610584,0.0514912882472722,0.0109034109853785,0.265216875095542
"60",-0.0735279097999402,0.0511176493818787,0.0108253774852865,0.263914723437006
"61",-0.0216726599892967,0.0506543688598485,0.0107478980195644,0.262616726626264
"62",0.0301825898213468,0.0502399761040355,0.0106709687303779,0.261322895171748
"63",0.0820378396319907,0.0498725929052509,0.0105960812422304,0.260033239309941
"64",0.133893089442634,0.0495080052374215,0.0105440134747553,0.258747769006255
"65",0.185748339253278,0.0491461929168959,0.0104922312916371,0.257466493955947
"66",0.237603589063921,0.0489068131565538,0.0104407330210149,0.256189423585059
"67",0.289458838874565,0.048673706052279,0.0103885763428974,0.254916567051394
"68",0.341314088685209,0.0484416564088961,0.0103358153326368,0.253647933245515
"69",0.393169338495852,0.048210659959128,0.0102833513379807,0.252383530791782
"70",0.445024588306496,0.0479807124477346,0.0102311825896327,0.251123368049409
"71",0.496879838117139,0.0477518096315328,0.0101793073288394,0.249867453113559
"72",0.548735087927783,0.0474908238529377,0.0101277238073331,0.248615793816454
"73",0.600590337738426,0.0471850206238456,0.0100764302872737,0.247368397728529
"74",0.65244558754907,0.0468426179823217,0.0100254250411911,0.246125272159594
"75",0.704300837359713,0.0466103330741744,0.00997470635192874,0.24488642416004
"76",0.756156087170357,0.0463349085384907,0.00992427251258589,0.243651860522059
"77",0.808011336981,0.0460151290361585,0.00987412182646125,0.242421587780894
"78",0.859866586791644,0.0457695404065296,0.00982425260699636,0.241195612216111
"79",0.911721836602288,0.0456357693518319,0.00977466317771938,0.239973939852903
"80",0.963577086412931,0.0455023717558612,0.00972535187218901,0.238756576463405
"81",1.01543233622357,0.0452633961495075,0.00967631703393868,0.237543527568046
"82",1.06728758603422,0.0450951965756687,0.00962755701642106,0.236334798436913
"83",1.11914283584486,0.0448961992734555,0.00957907018295268,0.235612756248681
"84",1.17099808565551,0.0446309828295259,0.00953085490665884,0.234934307845391
"85",1.22285333546615,0.044423832459799,0.00948290957041876,0.234258727359357
"86",1.27470858527679,0.0442649389031653,0.00943289133731149,0.233630407396689
"87",1.32656383508744,0.0441066789800525,0.00935967522463128,0.233032106402806
"88",1.37841908489808,0.0439096280693839,0.00928703164931744,0.232436410333261
"89",1.43027433470872,0.0436370442031899,0.00921495614928266,0.231843321607763
"90",1.48212958451937,0.0433661321439262,0.00914344429630259,0.231252842478452
"91",1.53398483433001,0.0430968823650332,0.00907249169577926,0.230664975031038
"92",1.58584008414065,0.0428292853814084,0.00900209398650575,0.2302845303364
"93",1.6376953339513,0.0425633317494289,0.00893224684043201,0.230031909397516
"94",1.68955058376194,0.0422990120669708,0.00886294596243208,0.229779877010855
"95",1.74140583357258,0.0420008684067103,0.0087941870900725,0.229528433344455
"96",1.79326108338323,0.0416697940884404,0.00872596599338205,0.229277578558361
"97",1.84511633319387,0.0413412266921352,0.00865827847462267,0.229027312804655
"98",1.89697158300452,0.0410151489541749,0.00859112036806168,0.227975975633462
"99",1.94882683281516,0.0407770937033492,0.00852448753974536,0.22668123902964
"100",2.0006820826258,0.0405890829402167,0.00845837588727362,0.225392827188058
