"n_tested","med","lo","hi"
1,0.0639259193936381,0.00742722110611023,0.29722169762104
2,0.0590760492961928,0.00688687049140357,0.277878473257583
3,0.056511967049581,0.00658999108092791,0.268037507479167
4,0.0540327852015296,0.00638749433298388,0.259690890144382
5,0.0532231624498354,0.00623491636312892,0.25604850954137
6,0.0520550243901903,0.00611303973661075,0.251647027867956
7,0.051115969458902,0.00594420761212616,0.247964243834497
8,0.0501676058327096,0.00578711812448758,0.244802831872626
9,0.0495101169267222,0.00565235776106658,0.242036528761204
10,0.048930004455932,0.00553474715511631,0.239579729775644
11,0.048355564688963,0.00543068542056864,0.237371761897032
12,0.0479251364223103,0.00533757398665969,0.235368083021859
13,0.0473954290497005,0.0052534799431094,0.233535044961557
14,0.0468857609144277,0.00517692897815794,0.231846619286603
16,0.0459801828577973,0.00504209952548528,0.230306200454102
17,0.0455946234626339,0.00498217584641908,0.229896043374349
18,0.0453023316364603,0.00492640188610673,0.229509755284496
20,0.0449013627246384,0.00482540191655768,0.22879877226604
22,0.0442967996408911,0.00473601616834345,0.228156799917464
24,0.0438478680515624,0.00465601903635973,0.227571712972737
26,0.0435803406443986,0.00458375473217222,0.227034318455949
28,0.0432804239012314,0.00451786007557558,0.226537481253451
30,0.0430415335237185,0.00445409549412388,0.22607555296007
33,0.0427382353356472,0.0043675885411094,0.225438400089349
36,0.0424631647472826,0.00429018428921371,0.224857716346188
39,0.0422116489112496,0.00422027635286014,0.224324375181319
42,0.0419800774060188,0.00415663938881929,0.223830854805066
46,0.0416975046025252,0.0040799244052498,0.223224094098782
50,0.0414401396631076,0.00401094249621624,0.2226688878115
55,0.0409424384537486,0.00393362081766251,0.222035343691667
59,0.0404733976750959,0.00387768986228494,0.221569427323654
64,0.0398009006922463,0.0038139477830601,0.221030360220474
70,0.0390721465624609,0.0037450273301239,0.220437494224365
76,0.0385158239402099,0.00368295365426681,0.219894321053332
83,0.0379992494066055,0.00361767345067266,0.219313346200034
90,0.0375304239934514,0.00355877674821602,0.218780319675675
98,0.0370433749029804,0.00349794250265281,0.21822062752499
106,0.0366997848983281,0.00344287281254961,0.217246098390828
116,0.0364088470816557,0.0033807539996607,0.216656737466181
126,0.0360566451624907,0.00332483319283778,0.216531323188533
136,0.0355831645995105,0.00327406780223554,0.216102235170523
