"grouping","held_out","beta_within","q025","q975"
"Study","ana_133",-0.10852976291089,-0.202397931600128,-0.0145928410953999
"Study","ana_190",-0.108086528086396,-0.203314765933921,-0.0128267537509162
"Study","ana_207",-0.107935959711313,-0.206877305438627,-0.0114092736029972
"Study","ana_214",-0.105024770890279,-0.200302567126382,-0.00939567153832546
"Study","ana_278",-0.116435959996658,-0.28549162626321,-0.0141705814952856
"Study","ana_296",-0.10572997922756,-0.200211497685835,-0.0111095259503627
"Study","ana_321",-0.131266392144189,-0.23389375558813,-0.0286328792150639
"Study","ana_375",-0.103822064897549,-0.199814725001576,-0.00740473594832325
"Study","ana_385",-0.109882259741384,-0.215795928949057,-0.0127432350221558
"Study","ana_395",-0.108613910138886,-0.204609912618964,-0.012667764872222
"Study","ana_420",-0.108134356737545,-0.20441946692955,-0.0120442327381818
"Study","david_10",-0.101848704211071,-0.209307637802662,0.000134149043501688
"Study","david_101",-0.109515090360111,-0.205018256081984,-0.0138028931434624
"Study","david_103",-0.110398879962275,-0.205487513656904,-0.0150433393182837
"Study","david_104",-0.11115546706912,-0.225337290441647,-0.0111666844829568
"Study","david_105",-0.106638323987505,-0.201711418138152,-0.0115568367878915
"Study","david_110",-0.108806924373174,-0.203941094277763,-0.0135367971706553
"Study","david_132",-0.113706903184463,-0.21715247612286,-0.0159251872763775
"Study","david_140",-0.108884068665425,-0.203285975600835,-0.0142479683821213
"Study","david_144",-0.109242342250335,-0.204374081469864,-0.013978198933576
"Study","david_146",-0.111290231188286,-0.217037936786126,-0.0136539531254616
"Study","david_148",-0.122419112957614,-0.218471135756628,-0.0263618208093667
"Study","david_151",-0.0973962964682701,-0.193694143804836,-0.00108155267411054
"Study","david_16",-0.107555099694987,-0.202863846404859,-0.0120240891761182
"Study","david_167",-0.114729679113234,-0.242233597778754,-0.0129796133457495
"Study","david_170",-0.107412762591665,-0.202986264991668,-0.0112542941798579
"Study","david_178",-0.107789542970208,-0.204286920044457,-0.0122545823097506
"Study","david_183",-0.107540265318127,-0.201416960772247,-0.0134182029751587
"Study","david_185",-0.107744685167683,-0.203447526923881,-0.0118273820268849
"Study","david_195",-0.108026590730036,-0.202980816942052,-0.0128117519971936
"Study","david_198",-0.110425052423125,-0.211764315647737,-0.0131499290467498
"Study","david_199",-0.105843390505629,-0.200649971197606,-0.0107261934841638
"Study","david_200",-0.114536851265464,-0.230407828794508,-0.0157663494848556
"Study","david_202",-0.107626704792442,-0.202174562209847,-0.0128453779227876
"Study","david_203",-0.10832836214125,-0.203974673024118,-0.0126226887231328
"Study","david_207",-0.0981246263406752,-0.192104113704041,-0.0040562222373012
"Study","david_21",-0.0923139428187918,-0.19572001956457,0.00471754601123875
"Study","david_233",-0.109255507304585,-0.209757095456709,-0.0126472214529307
"Study","david_241",-0.109576356371768,-0.207500706531446,-0.0125924615727312
"Study","david_243",-0.110593408125402,-0.207043653064172,-0.0151504202199305
"Study","david_250",-0.107266716837924,-0.201478277805606,-0.0128259551034677
"Study","david_252",-0.108479539030529,-0.207482711017382,-0.0125049424641621
"Study","david_259",-0.111500752583977,-0.207228290022984,-0.0154065505580781
"Study","david_269",-0.110537870664873,-0.211933571465199,-0.0139125917673973
"Study","david_27",-0.0973401625733461,-0.193420714909712,-0.0012190590872746
"Study","david_272",-0.143363116271557,-0.254790176356943,-0.0417440392890735
"Study","david_273",-0.109272790683517,-0.205046857654562,-0.013431566950905
"Study","david_280",-0.109886605935216,-0.215995762309309,-0.0129208663620837
"Study","david_282",-0.101800195386848,-0.19870196957055,-0.00624854800237143
"Study","david_285",-0.105806353686304,-0.200992364423949,-0.0105329321905618
"Study","david_29",-0.0882972293510873,-0.187519167886805,0.0110284510325053
"Study","david_305",-0.105665985076474,-0.199622449598267,-0.0114556845740577
"Study","david_307",-0.107808824051554,-0.202643325423136,-0.0126919251950648
"Study","david_316",-0.104467810106333,-0.200111634033439,-0.00711267432178485
"Study","david_321",-0.113949359202739,-0.2119810704104,-0.0172411647683008
"Study","david_322",-0.106568466779936,-0.201281486864413,-0.0116960701797504
"Study","david_326",-0.110320605164372,-0.206005155636307,-0.0143520540119516
"Study","david_327",-0.106541154228515,-0.202378162653778,-0.0106127421104573
"Study","david_330",-0.106418306405053,-0.201528578134971,-0.0111193628759839
"Study","david_337",-0.110766430821668,-0.213541527260601,-0.0135390381415136
"Study","david_338",-0.117506597263025,-0.211864211244332,-0.0229490217216653
"Study","david_341",-0.10743757839791,-0.202265440703267,-0.0125076616503383
"Study","david_347",-0.107107577038552,-0.202577122312178,-0.0111508207028714
"Study","david_354",-0.109214103462092,-0.206210546449116,-0.0132826745908315
"Study","david_36",-0.110654678341258,-0.20614935977486,-0.0148201414095053
"Study","david_37",-0.108677104538204,-0.204929210296781,-0.0140666654632442
"Study","david_370",-0.109158253583678,-0.20971711022346,-0.0121942898941025
"Study","david_375",-0.110130376940139,-0.215957188202715,-0.0131317114548138
"Study","david_387",-0.11002878347339,-0.218623099387747,-0.0122290427044255
"Study","david_389",-0.108699296053083,-0.204833382774842,-0.013179409108914
"Study","david_39",-0.106837602454267,-0.20180207737952,-0.0116440894117416
"Study","david_401",-0.106420738827272,-0.206802226475957,-0.0103807010505825
"Study","david_41",-0.109250950967061,-0.206393200769532,-0.0131096411078171
"Study","david_48",-0.109891058618577,-0.204627112370475,-0.0148775591701949
"Study","david_49",-0.111062134881785,-0.206566750453205,-0.0151024086776852
"Study","david_5",-0.108233172731386,-0.206896433773556,-0.012172973088978
"Study","david_51",-0.107629419282687,-0.205329537968044,-0.0117842403428042
"Study","david_56",-0.114405025031214,-0.242268710445019,-0.0141980339664589
"Study","david_67",-0.109874103096253,-0.206448862368399,-0.0130427940304778
"Study","david_72",-0.108153911263643,-0.204661443851814,-0.0122025318719307
"Study","david_74",-0.111151423465995,-0.205945611215784,-0.0163629955096702
"Study","david_76",-0.109391056242486,-0.204233016483491,-0.0145015439589618
"Study","david_85",-0.109302711903683,-0.204191118416224,-0.0142426668209852
"Study","grant_115",-0.101586659052214,-0.197049186035787,-0.005944487640306
"Study","grant_117",-0.11036022617928,-0.221548452960288,-0.0126109808724957
"Study","grant_135",-0.108805471734742,-0.208510201556735,-0.0117277971819693
"Study","grant_137",-0.109215679360314,-0.205605649048968,-0.0131463997065233
"Study","grant_14",-0.110700387194953,-0.212220170378385,-0.0135900320703803
"Study","grant_141",-0.11415059640644,-0.209689732189426,-0.0185101036847655
"Study","grant_143",-0.10768814656164,-0.202684007357072,-0.0123927219513448
"Study","grant_156",-0.111161624738491,-0.213390496701289,-0.0136573928769246
"Study","grant_158",-0.109631320982272,-0.204098567311165,-0.0148692088362612
"Study","grant_159",-0.108437958274753,-0.203809131014424,-0.0130130056869719
"Study","grant_160",-0.109860202912328,-0.205407602468675,-0.0138302152754874
"Study","grant_172",-0.110197551348548,-0.219040433013821,-0.0125854780625831
"Study","grant_175",-0.109048944305036,-0.213016033935327,-0.0120146467816158
"Study","grant_176",-0.10493562879789,-0.198813565444862,-0.0109512553388466
"Study","grant_177",-0.105357644886651,-0.200290446128405,-0.0104175537736189
"Study","grant_186",-0.112195109660739,-0.210685360563972,-0.0155929342840548
"Study","grant_188",-0.108145236362622,-0.204295104381002,-0.0126089990049824
"Study","grant_192",-0.109233698411945,-0.203933966079013,-0.0141039076128837
"Study","grant_2",-0.105789780476047,-0.21223861609886,-0.0061221337331811
"Study","grant_201",-0.107449885666025,-0.202525706436415,-0.0123147502035262
"Study","grant_212",-0.112086050339526,-0.207989820468035,-0.0157207266856901
"Study","grant_213",-0.105150771724922,-0.20044037670942,-0.0095850761440625
"Study","grant_216",-0.10734570123182,-0.202405574702518,-0.0118516046273298
"Study","grant_219",-0.108251112904333,-0.20387437894086,-0.0128588303863009
"Study","grant_220",-0.104637502689615,-0.199348388384841,-0.00978136616782557
"Study","grant_222",-0.0969629677320744,-0.197417325641704,0.00403048153964984
"Study","grant_223",-0.10996951348013,-0.204984458408595,-0.0148609694013563
"Study","grant_232",-0.111386089153064,-0.218046425847193,-0.0138647040944668
"Study","grant_233",-0.105392333772203,-0.200374368990606,-0.0100064716831093
"Study","grant_235",-0.109446914170852,-0.205998109761231,-0.0132744830942138
"Study","grant_237",-0.106355218868707,-0.204429624043736,-0.0105713285803906
"Study","grant_242",-0.107259235957031,-0.202942310498256,-0.0105144955319627
"Study","grant_251",-0.12538116490831,-0.223544162378849,-0.0274911617934905
"Study","grant_254",-0.109886223620027,-0.207677031775311,-0.0136070110956093
"Study","grant_260",-0.110741917729097,-0.237183776251418,-0.0113571510969684
"Study","grant_262",-0.107303809137266,-0.205981236623793,-0.0112563549062521
"Study","grant_274",-0.0958084106215493,-0.200417129069849,0.00466049624553773
"Study","grant_275",-0.110352994630208,-0.209039513195403,-0.013377429219289
"Study","grant_283",-0.108028805974297,-0.202183092589875,-0.0137351798696265
"Study","grant_33",-0.104977139015641,-0.199711187832385,-0.0100329771708126
"Study","grant_34",-0.11189625524303,-0.215213313565037,-0.0147160286069822
"Study","grant_36",-0.11237693008619,-0.213892209819765,-0.0154210070012996
"Study","grant_5",-0.112401047757513,-0.207963323058075,-0.0164682665060121
"Study","grant_54",-0.105622606576861,-0.200720264077104,-0.0104861447671178
"Study","harry_109",-0.113142465643154,-0.223676975751862,-0.0147689942158795
"Study","harry_116",-0.103774601866826,-0.198777094344276,-0.00823793180468749
"Study","harry_143",-0.110355847156029,-0.213630980558391,-0.0131795220395463
"Study","harry_18",-0.110234227597749,-0.226112940523369,-0.0114512855724563
"Study","harry_181",-0.10471281960569,-0.201807357579229,-0.00724338530621232
"Study","harry_637",-0.110499176022616,-0.205956530352994,-0.0147607300895996
"Study","harry_659",-0.104402508203224,-0.198459455527553,-0.0102795939088627
"Study","harry_681",-0.107874106615692,-0.209055887320544,-0.0112583251169734
"Study","harry_686",-0.105701301513754,-0.201036424515918,-0.0102330748620836
"Study","harry_723",-0.109590170015455,-0.205082713901214,-0.013699203135346
"Study","harry_750",-0.106764329113696,-0.20190851974,-0.0115173445274988
"Pathogen","Amur virus",-0.113576234166212,-0.237901468724866,-0.0119845756676858
"Pathogen","Catarina virus",-0.105497797172507,-0.202564691286014,-0.00814279694194978
"Pathogen","fam_Arenaviridae",-0.12625325203516,-0.305689384683999,-0.0152076119900246
"Pathogen","fam_Hantaviridae",-0.146633061026184,-0.355813939682959,-0.0316358270289735
"Pathogen","Jabora virus",-0.10259379619779,-0.198229054464091,-0.00702130237206459
"Pathogen","Jabora virus, Juquitiba virus",-0.0978044966527609,-0.194967347801141,-0.000942910326293844
"Pathogen","Juquitiba virus",-0.102470956388165,-0.205845054675659,-0.00214937345338546
"Pathogen","Lohja virus",-0.11112651592949,-0.228680155634245,-0.0120549479364592
"Pathogen","Mammarenavirus choriomeningitidis",-0.109527134278881,-0.204725516062288,-0.0142636821746199
"Pathogen","Mammarenavirus guanaritoense",-0.0950500687446759,-0.19251737799786,0.00288407724827941
"Pathogen","Mammarenavirus guanaritoense, Mammarenavirus caliense",-0.111568849802827,-0.214573268911,-0.0139000248134253
"Pathogen","Mammarenavirus juninense",-0.106719740523591,-0.202230559178962,-0.0115284267221608
"Pathogen","Mammarenavirus lassaense",-0.109624932830392,-0.212220587747402,-0.0128819541491792
"Pathogen","Mammarenavirus wenzhouense",-0.1066428344587,-0.201638469795702,-0.0115210095509711
"Pathogen","Mammarenavirus whitewaterense",-0.1094937426595,-0.211802620938398,-0.0129476487267218
"Pathogen","Middle Pease River virus",-0.109078082636438,-0.203537714458922,-0.0143717042748036
"Pathogen","Orthohantavirus andesense",-0.0780460737252631,-0.212603306445561,0.0492251143780264
"Pathogen","Orthohantavirus asikkalaense",-0.110050414583071,-0.22349683507881,-0.0116963356347771
"Pathogen","Orthohantavirus bayoui",-0.109618241965705,-0.213390003474589,-0.0125499567969941
"Pathogen","Orthohantavirus delgaditoense, Orthohantavirus maporalense",-0.114415655682914,-0.236362466630328,-0.0150756959297156
"Pathogen","Orthohantavirus dobravaense",-0.103752047402831,-0.197156390256039,-0.00982336882921139
"Pathogen","Orthohantavirus hantanense",-0.106363188857919,-0.278159774461909,0.00276631730356096
"Pathogen","Orthohantavirus hantanense, Orthohantavirus seoulense, Orthohantavirus puumalaense",-0.106548963123899,-0.20175068646417,-0.0112137176256595
"Pathogen","Orthohantavirus hantanense, Orthohantavirus sinnombreense, Orthohantavirus puumalaense, Orthohantavirus dobravaense, Orthohantavirus seoulense",-0.112679738459926,-0.226441436948398,-0.0137128557226373
"Pathogen","Orthohantavirus jejuense",-0.109311159531265,-0.204563750465877,-0.0136703366685448
"Pathogen","Orthohantavirus mamorense",-0.14573383676003,-0.244588911559571,-0.0468544769491868
"Pathogen","Orthohantavirus moroense, Orthohantavirus sinnombreense",-0.110084116968613,-0.209738342521421,-0.0126675125906304
"Pathogen","Orthohantavirus necocliense",-0.103761049373006,-0.200142794049415,-0.00746819194352936
"Pathogen","Orthohantavirus puumalaense",-0.100336937047982,-0.199348791686523,-0.00395123298986476
"Pathogen","Orthohantavirus puumalaense, Orthohantavirus dobravaense",-0.105610509035323,-0.199125626348015,-0.0119423675167766
"Pathogen","Orthohantavirus seewisense",-0.119690719325426,-0.214766907801582,-0.0244478004001537
"Pathogen","Orthohantavirus seoulense",-0.11268785351377,-0.214044090600573,-0.0149662385947694
"Pathogen","Orthohantavirus seoulense, Orthohantavirus hantanense",-0.103245280685898,-0.211868121787544,-0.0050156876326362
"Pathogen","Orthohantavirus sinnombreense",-0.135568936731594,-0.240351700652124,-0.0341770309519538
"Pathogen","Orthohantavirus sinnombreense, Orthohantavirus montanoense",-0.107543065579446,-0.202287548701959,-0.0127367179589829
"Pathogen","Orthohantavirus tigrayense",-0.112612641767265,-0.213076878593814,-0.0161994663212511
"Pathogen","Orthohantavirus tulaense",-0.108921322690537,-0.217951242284076,-0.0105425590318949
"Pathogen","Pinhal virus",-0.106677299708862,-0.20132079729743,-0.0118963474629053
"Pathogen","Pirital virus",-0.114640739951056,-0.24449137365256,-0.0137134235615622
"Pathogen","Rusne orthohantavirus",-0.106875128018349,-0.201411310940418,-0.0121789895396922
"Pathogen","Thottimvirus imjinense",-0.109366020536165,-0.203746328682563,-0.0146925313867422
"Pathogen","Thottimvirus thottapalayamense",-0.103586626868455,-0.200695041105546,-0.00735209373004284
"Realm","Afrotropic",-0.105909010169329,-0.200039781625498,-0.0114033663308103
"Realm","Indomalayan",-0.10475566712636,-0.200296530141301,-0.00887100560742748
"Realm","Nearctic",-0.130475837513955,-0.232084754965799,-0.0285437239400339
"Realm","Neotropic",-0.157141811675638,-0.569252895967809,0.0538877604874919
"Realm","Palearctic",-0.102619341944426,-0.20123657936617,-0.00368602421128111
